{
  "ECG Test": {
    "mean": 11524.136622390892,
    "std": 25918.763252887773,
    "count": 527
  },
  "Blood Test - Basic": {
    "mean": 1597.956577266922,
    "std": 4540.598297965027,
    "count": 783
  },
  "Blood Test - Comprehensive": {
    "mean": 3006.9534050179213,
    "std": 1903.5657841046311,
    "count": 558
  },
  "X-Ray": {
    "mean": 5034.109149277689,
    "std": 12526.300709080284,
    "count": 623
  },
  "MRI Scan": {
    "mean": 17583.1455399061,
    "std": 11415.372766049992,
    "count": 639
  },
  "CT Scan": {
    "mean": 13569.190476190477,
    "std": 8245.852364651151,
    "count": 630
  },
  "Hip Replacement": {
    "mean": 114728.49840255591,
    "std": 19320.255844035913,
    "count": 313
  },
  "Knee Replacement": {
    "mean": 97850.67448680352,
    "std": 17344.047745286807,
    "count": 341
  },
  "Appendectomy": {
    "mean": 60668.59788359788,
    "std": 11493.784914587848,
    "count": 378
  },
  "Cataract Surgery": {
    "mean": 42615.42372881356,
    "std": 10275.729995756677,
    "count": 295
  },
  "Dental Extraction": {
    "mean": 1252.693032015066,
    "std": 438.8321744026733,
    "count": 531
  },
  "Consultation - General": {
    "mean": 1856.6528925619834,
    "std": 5095.317521360977,
    "count": 726
  },
  "Consultation - Specialist": {
    "mean": 1706.5384615384614,
    "std": 1029.6364310899817,
    "count": 832
  },
  "Physiotherapy": {
    "mean": 4276.599690880989,
    "std": 9999.021849941304,
    "count": 647
  },
  "Dialysis": {
    "mean": 5542.893617021276,
    "std": 1409.0201835972152,
    "count": 470
  },
  "Chemotherapy": {
    "mean": 84937.97441364605,
    "std": 20087.611289013166,
    "count": 469
  },
  "Normal Delivery": {
    "mean": 51186.84210526316,
    "std": 11998.703348213481,
    "count": 190
  },
  "C-Section": {
    "mean": 75588.52459016393,
    "std": 14362.855806979484,
    "count": 183
  },
  "Angioplasty": {
    "mean": 242529.81308411216,
    "std": 56949.85871878835,
    "count": 321
  },
  "Bypass Surgery": {
    "mean": 346820.9183673469,
    "std": 84911.84580408552,
    "count": 294
  }
}